"AIC","BIC","R2_conditional","R2_marginal","ICC","RMSE","Sigma","dv","iv1","iv2","dframe","Log_loss","Score_log","Score_spherical"
90929.3418348697,91023.9885845554,0.536475122309091,0.0130947128512214,0.530324861233587,16.0793911707748,16.2098725435748,"arousal","task_angle_sd","trial_sd_duration","by_sample_cutoffNA",NA,NA,NA
90917.6668579588,91012.3136076445,0.539148897228336,0.0144155315450642,0.532408314536325,16.0286571104854,16.1749512753283,"arousal","task_angle_sd","trial_mean_trial_move_offset","by_sample_cutoffNA",NA,NA,NA
90930.3182045756,91024.9649542614,NA,0.0275286751163036,NA,16.0915472530012,16.2169949726973,"arousal","trial_mean_angle_sd","trial_sd_trial_move_offset","by_sample_cutoffNA",NA,NA,NA
90894.0577747435,90988.7045244293,0.546462929888661,0.0175824095474357,0.53834593912105,15.9920241976697,16.1453656863397,"arousal","task_total_dist","trial_mean_speed_mean","by_sample_cutoffNA",NA,NA,NA
90923.2870079464,91017.9337576321,0.535998484888679,0.0111629371934842,0.530760392622833,16.0792276412982,16.207739764489,"arousal","trial_sd_total_dist","trial_sd_speed_mean","by_sample_cutoffNA",NA,NA,NA
90916.7450066375,91011.3917563233,NA,0.0323124089231029,NA,16.083232774599,16.2085774503927,"arousal","trial_sd_angle_sd","trial_mean_speed_sd","by_sample_cutoffNA",NA,NA,NA
90925.0146603531,91019.6614100389,0.536774210038612,0.014863464258481,0.529785189001528,16.0781099037333,16.2081593735147,"arousal","task_y_flips","trial_sd_speed_sd","by_sample_cutoffNA",NA,NA,NA
90919.6941857604,91014.3409354461,NA,0.0297979470222883,NA,16.0827626564096,16.208160575277,"arousal","task_x_flips","trial_sd_abs_jerk_sd","by_sample_cutoffNA",NA,NA,NA
90931.4729420495,91026.1196917353,NA,0.028269262817052,NA,16.0928002944083,16.2182506707873,"arousal","clicks","trial_sd_speed_sd","by_sample_cutoffNA",NA,NA,NA
90909.8237737299,91004.4705234157,0.536967249702326,0.0147063505787459,0.530056089806677,16.0528180815618,16.1885210585386,"arousal","task_total_dist","trial_sd_speed_sd","by_sample_cutoffNA",NA,NA,NA
90930.6241617716,91025.2709114574,0.535939426127822,0.013153127329209,0.529754223554208,16.0834541620271,16.2127513772468,"arousal","task_angle_sd","trial_sd_trial_move_offset","by_sample_cutoffNA",NA,NA,NA
90894.1494585414,90988.7962082271,0.539954446667952,0.0175629157598106,0.531730264754975,15.9811343525016,16.1407720985801,"arousal","task_x_flips","trial_mean_speed_sd","by_sample_cutoffNA",NA,NA,NA
90927.702552286,91022.3493019717,0.536290276231654,0.0129830123121284,0.530190736782955,16.0889309715246,16.2146012949833,"arousal","task_y_flips","trial_sd_trial_move_offset","by_sample_cutoffNA",NA,NA,NA
90917.4395210531,91012.0862707389,NA,0.0313405988822138,NA,16.0824251851168,16.2077909609713,"arousal","trial_sd_total_dist","trial_mean_trial_move_offset","by_sample_cutoffNA",NA,NA,NA
90906.7378690572,91001.384618743,0.539069370923022,0.0145482113225501,0.532264658329373,16.0237934690885,16.1689081664415,"arousal","trial_sd_distance_overshoot","trial_mean_trial_move_offset","by_sample_cutoffNA",NA,NA,NA
90883.9141352119,90978.5608848977,0.53864388480355,0.015968437638599,0.531157197753572,15.978800863819,16.136915813109,"arousal","trial_mean_angle_mean","trial_mean_speed_sd","by_sample_cutoffNA",NA,NA,NA
90931.3980815112,91026.0448311969,0.537573426601219,0.0134996469442262,0.531245405066128,16.076773010225,16.2088964860522,"arousal","trial_sd_angle_mean","trial_sd_trial_move_offset","by_sample_cutoffNA",NA,NA,NA
90921.3539625642,91016.00071225,0.536048363853379,0.0141056558777734,0.529410388737252,16.0516450186006,16.1926645582772,"arousal","trial_mean_angle_sd","trial_sd_speed_mean","by_sample_cutoffNA",NA,NA,NA
90905.672996133,91000.3197458188,NA,0.0366560017971094,NA,16.0753326592269,16.2006089239359,"arousal","trial_sd_angle_sd","trial_mean_speed_mean","by_sample_cutoffNA",NA,NA,NA
90909.417885892,91004.0646355778,NA,0.030617486669546,NA,16.0775295675598,16.2028318170586,"arousal","trial_sd_x_flips","trial_mean_speed_sd","by_sample_cutoffNA",NA,NA,NA
90918.6754018544,91013.3221515402,NA,0.0327271266123873,NA,16.0847809052637,16.2101349704258,"arousal","trial_sd_y_flips","trial_mean_speed_sd","by_sample_cutoffNA",NA,NA,NA
88433.5057255262,88528.152475212,0.629170159833196,0.0176925243323274,0.622491073973807,14.2721978285075,14.3882185542521,"valence","task_angle_sd","trial_sd_duration","by_sample_cutoffNA",NA,NA,NA
88429.9193167615,88524.5660664473,NA,0.0523434807858801,NA,14.2785127262015,14.3906012525624,"valence","task_angle_sd","trial_mean_trial_move_offset","by_sample_cutoffNA",NA,NA,NA
88435.15700211,88529.8037517957,0.629330057136559,0.0178180628974149,0.622605620342694,14.2647878252325,14.3845004773133,"valence","trial_mean_angle_sd","trial_sd_trial_move_offset","by_sample_cutoffNA",NA,NA,NA
88414.9357860992,88509.5825357849,0.638321908201118,0.0162779701039333,0.63233710254807,14.2114940769602,14.3451221722128,"valence","task_total_dist","trial_mean_speed_mean","by_sample_cutoffNA",NA,NA,NA
88419.8288464757,88514.4755961614,0.631830146579263,0.0184051166642924,0.624926882086424,14.2432069803765,14.3668173404042,"valence","trial_sd_total_dist","trial_sd_speed_mean","by_sample_cutoffNA",NA,NA,NA
88425.9768116233,88520.623561309,NA,0.0472642380357501,NA,14.2763822833638,14.3884436395125,"valence","trial_sd_angle_sd","trial_mean_speed_sd","by_sample_cutoffNA",NA,NA,NA
88430.6433414601,88525.2900911459,0.629173441613419,0.0185071535363058,0.622181089018973,14.265627921028,14.384143115623,"valence","task_y_flips","trial_sd_speed_sd","by_sample_cutoffNA",NA,NA,NA
88419.7979829012,88514.444732587,0.630445987079528,0.0190061633427556,0.623286101185167,14.2694066480608,14.3823510294729,"valence","task_x_flips","trial_sd_abs_jerk_sd","by_sample_cutoffNA",NA,NA,NA
88420.7197262959,88515.3664759816,0.628692693572807,0.0181049037775941,0.621846256432378,14.264037569432,14.3800741361827,"valence","clicks","trial_sd_speed_sd","by_sample_cutoffNA",NA,NA,NA
88426.0498425598,88520.6965922455,0.629632751205556,0.0184832443343932,0.622658251469907,14.2544289162616,14.3759627037768,"valence","task_total_dist","trial_sd_speed_sd","by_sample_cutoffNA",NA,NA,NA
88433.8186833862,88528.4654330719,0.629451186582593,0.0178572502700156,0.62271389416734,14.268227572114,14.3858287085356,"valence","task_angle_sd","trial_sd_trial_move_offset","by_sample_cutoffNA",NA,NA,NA
88419.3093666774,88513.9561163632,0.631212106415256,0.0194178837405162,0.623909219360926,14.2194047335564,14.3537141453386,"valence","task_x_flips","trial_mean_speed_sd","by_sample_cutoffNA",NA,NA,NA
88435.5880775594,88530.2348272452,NA,0.0454276686974463,NA,14.2824560190318,14.3945702878573,"valence","task_y_flips","trial_sd_trial_move_offset","by_sample_cutoffNA",NA,NA,NA
88429.4641793597,88524.1109290455,NA,0.0464458924516243,NA,14.2784127306219,14.3904951844965,"valence","trial_sd_total_dist","trial_mean_trial_move_offset","by_sample_cutoffNA",NA,NA,NA
88434.7738259057,88529.4205755914,NA,0.0463306341578614,NA,14.2819738913298,14.3940834961324,"valence","trial_sd_distance_overshoot","trial_mean_trial_move_offset","by_sample_cutoffNA",NA,NA,NA
88411.4731333323,88506.1198830181,0.631259789309324,0.0192110893495384,0.624037133080831,14.2051728107684,14.3431123834838,"valence","trial_mean_angle_mean","trial_mean_speed_sd","by_sample_cutoffNA",NA,NA,NA
88436.0911165855,88530.7378662712,0.628927084645541,0.0178179144585751,0.622195394502735,14.2797947604438,14.3933078839898,"valence","trial_sd_angle_mean","trial_sd_trial_move_offset","by_sample_cutoffNA",NA,NA,NA
88433.1362304817,88527.7829801674,NA,0.0478243712969905,NA,14.2809217364525,14.3930243764234,"valence","trial_mean_angle_sd","trial_sd_speed_mean","by_sample_cutoffNA",NA,NA,NA
88432.1551080655,88526.8018577513,NA,0.0462481058364868,NA,14.2799006532849,14.3919994420467,"valence","trial_sd_angle_sd","trial_mean_speed_mean","by_sample_cutoffNA",NA,NA,NA
88428.6718282681,88523.3185779539,0.628728998027971,0.0184066532642268,0.62176699423782,14.2568656562755,14.3787573702583,"valence","trial_sd_x_flips","trial_mean_speed_sd","by_sample_cutoffNA",NA,NA,NA
88428.1933511578,88522.8401008435,0.628237855952967,0.0182110459144573,0.621342099541852,14.2617329554289,14.3813759162745,"valence","trial_sd_y_flips","trial_mean_speed_sd","by_sample_cutoffNA",NA,NA,NA
3764.8472291272,3852.21345960637,0.492921082637493,0.0452768192278376,0.468873357665421,0.207612208626502,1,"stress","task_angle_sd","trial_sd_duration","by_sample_cutoffNA",0.156478980740106,-30.15676566799,0.00441159351132437
3757.50393488645,3844.87016536562,NA,0.0863935561653511,NA,0.207437271470097,1,"stress","task_angle_sd","trial_mean_trial_move_offset","by_sample_cutoffNA",0.156072437627324,-Inf,0.00459263172294981
3758.07699646801,3845.44322694718,0.510636269848245,0.0596016187911769,0.479620828863286,0.207118300145066,1,"stress","trial_mean_angle_sd","trial_sd_trial_move_offset","by_sample_cutoffNA",0.155494855687106,-Inf,0.00389098145671433
3763.38607852946,3850.75230900863,0.520019751195653,0.0482376965071281,0.495693150440117,0.206841316243822,1,"stress","task_total_dist","trial_mean_speed_mean","by_sample_cutoffNA",0.155107457873608,-Inf,0.00394135907842484
3761.440325472,3848.80655595117,0.501795356960994,0.0459524535568273,0.477798936859715,0.206939720873142,1,"stress","trial_sd_total_dist","trial_sd_speed_mean","by_sample_cutoffNA",0.15560757419032,-Inf,0.00433526049099609
3755.5301070415,3842.89633752067,NA,0.110055337560405,NA,0.207331601721303,1,"stress","trial_sd_angle_sd","trial_mean_speed_sd","by_sample_cutoffNA",0.155989204191464,-Inf,0.00428366965970882
3757.62230213412,3844.98853261329,NA,0.0804605450201352,NA,0.207339475216774,1,"stress","task_y_flips","trial_sd_speed_sd","by_sample_cutoffNA",0.156159244057534,-Inf,0.00453255259735032
3756.38130051371,3843.74753099288,NA,0.0852271355669626,NA,0.207482988492545,1,"stress","task_x_flips","trial_sd_abs_jerk_sd","by_sample_cutoffNA",0.156138180696921,-Inf,0.00455840446344967
3760.56888204885,3847.93511252802,NA,0.0870195783442685,NA,0.207564663781714,1,"stress","clicks","trial_sd_speed_sd","by_sample_cutoffNA",0.156369220423797,-Inf,0.00455047551202624
3758.82054877656,3846.18677925573,0.497701384672089,0.0480371178481457,0.472354831532406,0.207103223436164,1,"stress","task_total_dist","trial_sd_speed_sd","by_sample_cutoffNA",0.155572795065647,-30.1818235235649,0.00455024174692915
3763.72931023122,3851.09554071039,NA,0.0891012506148539,NA,0.20760469796309,1,"stress","task_angle_sd","trial_sd_trial_move_offset","by_sample_cutoffNA",0.156478206216327,-30.1532289761831,0.00434755261688107
3755.21491889494,3842.58114937411,0.506370630190679,0.0500898463063304,0.48034099026116,0.206523285737424,1,"stress","task_x_flips","trial_mean_speed_sd","by_sample_cutoffNA",0.154564663018529,-Inf,0.00419575469015428
3764.27028418508,3851.63651466424,NA,0.0862902092705879,NA,0.207608557841298,1,"stress","task_y_flips","trial_sd_trial_move_offset","by_sample_cutoffNA",0.15651725591785,-30.1513866429344,0.00451807110048907
3761.48848211474,3848.85471259391,NA,0.0823969183527164,NA,0.207380473703737,1,"stress","trial_sd_total_dist","trial_mean_trial_move_offset","by_sample_cutoffNA",0.156333235401504,-Inf,0.00455085694863883
3760.41422109776,3847.78045157693,0.461215385342391,0.0391320047052322,0.439273014299613,0.207293473963648,1,"stress","trial_sd_distance_overshoot","trial_mean_trial_move_offset","by_sample_cutoffNA",0.156629472510059,-Inf,0.00443943728160697
3759.9016678433,3847.26789832247,0.502245308749839,0.0455819484765083,0.478473096296094,0.206642889752584,1,"stress","trial_mean_angle_mean","trial_mean_speed_sd","by_sample_cutoffNA",0.154619433630943,-Inf,0.00458074989524582
3754.39903196152,3841.76526244069,NA,0.0888961037851287,NA,0.20734905602985,1,"stress","trial_sd_angle_mean","trial_sd_trial_move_offset","by_sample_cutoffNA",0.156018323407555,-Inf,0.00446826945432198
3764.46817260884,3851.83440308801,0.494748889553271,0.0469362601161173,0.469866401056989,0.207527399627102,1,"stress","trial_mean_angle_sd","trial_sd_speed_mean","by_sample_cutoffNA",0.156264736884302,-30.148929365975,0.0045816174965183
3761.7434724116,3849.10970289077,0.496642445668893,0.0467430835883562,0.471960238981636,0.207413484835421,1,"stress","trial_sd_angle_sd","trial_mean_speed_mean","by_sample_cutoffNA",0.156152551977595,-Inf,0.0043366099851329
3761.72935714515,3849.09558762432,0.497179597290096,0.0466800496244363,0.472558606885531,0.20700817300817,1,"stress","trial_sd_x_flips","trial_mean_speed_sd","by_sample_cutoffNA",0.155371539863509,-Inf,0.00457112355763628
3759.00964432667,3846.37587480583,0.498821452241841,0.0500701006599478,0.472404702592955,0.207478898187122,1,"stress","trial_sd_y_flips","trial_mean_speed_sd","by_sample_cutoffNA",0.156099008579359,-Inf,0.00415364413507902
74403.3576644121,74495.3725137368,0.538936836703856,0.0185981624150964,0.530199409009914,16.0194973619222,16.2105376515685,"arousal","task_x_flips","trial_mean_duration","by_sample_iqr_out2.5",NA,NA,NA
74425.3284651555,74517.3433144801,NA,0.0348355739336908,NA,16.1256742542188,16.279034373905,"arousal","task_x_flips","trial_sd_duration","by_sample_iqr_out2.5",NA,NA,NA
74398.1545970321,74490.1694463567,0.53931708439091,0.0188564901339572,0.530463269667871,16.0097322864535,16.2023501913658,"arousal","trial_mean_angle_sd","trial_mean_trial_move_offset","by_sample_iqr_out2.5",NA,NA,NA
74429.7429009492,74521.7577502739,0.535279232518126,0.0163594163327157,0.527550230034972,16.0979213421834,16.2667886428409,"arousal","task_angle_sd","trial_sd_trial_move_offset","by_sample_iqr_out2.5",NA,NA,NA
74409.1581796054,74501.17302893,NA,0.0444746351424877,NA,16.1143561242608,16.2675195458048,"arousal","trial_sd_total_dist","trial_mean_speed_mean","by_sample_iqr_out2.5",NA,NA,NA
74435.6361472868,74527.6509966115,NA,0.0332920034445162,NA,16.1362409022934,16.2896725306031,"arousal","trial_sd_angle_sd","trial_sd_speed_mean","by_sample_iqr_out2.5",NA,NA,NA
74406.9552543766,74498.9701037013,0.536817660509987,0.0186225179813518,0.528028360160386,16.0409284418661,16.2243120175037,"arousal","trial_mean_total_dist","trial_sd_speed_sd","by_sample_iqr_out2.5",NA,NA,NA
74419.646959224,74511.6618085486,0.53610589048208,0.017166975749806,0.528003131689814,16.066348294629,16.244667315219,"arousal","task_y_flips","trial_sd_abs_jerk_mean","by_sample_iqr_out2.5",NA,NA,NA
74434.3808873475,74526.3957366722,0.534901332737284,0.0161730033509543,0.527255636563277,16.1284029185676,16.2848831779692,"arousal","trial_sd_total_dist","trial_sd_abs_jerk_sd","by_sample_iqr_out2.5",NA,NA,NA
74413.5425651919,74505.5574145166,0.536802158903961,0.0189898765707267,0.527835819393118,16.0500368856638,16.2329526673769,"arousal","clicks","trial_mean_trial_move_offset","by_sample_iqr_out2.5",NA,NA,NA
74414.4481372185,74506.4629865431,0.536451295560991,0.0187222348606541,0.527607043686369,16.0693435909581,16.244327371311,"arousal","task_angle_sd","trial_mean_trial_move_offset","by_sample_iqr_out2.5",NA,NA,NA
74428.5032246931,74520.5180740178,0.53512157062585,0.0169476507927735,0.527107147702717,16.1094815368608,16.272589163365,"arousal","task_y_flips","trial_sd_speed_mean","by_sample_iqr_out2.5",NA,NA,NA
74388.937606351,74480.9524556757,0.547163041224544,0.0221646043020268,0.536898581532505,15.9861892859849,16.1806809745129,"arousal","trial_mean_total_dist","trial_mean_speed_mean","by_sample_iqr_out2.5",NA,NA,NA
74436.8351661294,74528.8500154541,NA,0.0328475981846952,NA,16.1369138587828,16.2903637273952,"arousal","trial_sd_total_dist","trial_sd_trial_move_offset","by_sample_iqr_out2.5",NA,NA,NA
74418.3091532189,74510.3240025435,NA,0.0380917650313675,NA,16.1202481304755,16.2735277229787,"arousal","trial_sd_distance_overshoot","trial_sd_speed_mean","by_sample_iqr_out2.5",NA,NA,NA
74423.1335108718,74515.1483601964,NA,0.0371244315501228,NA,16.1247806641341,16.2781033936101,"arousal","trial_mean_angle_mean","trial_sd_abs_jerk_sd","by_sample_iqr_out2.5",NA,NA,NA
74407.200738278,74499.2155876027,NA,0.0449667176865117,NA,16.1124398972084,16.2655768748781,"arousal","trial_sd_angle_mean","trial_mean_speed_mean","by_sample_iqr_out2.5",NA,NA,NA
74433.079966259,74525.0948155837,NA,0.0343194846269264,NA,16.1332490310653,16.2866712198405,"arousal","trial_sd_angle_sd","trial_sd_abs_jerk_sd","by_sample_iqr_out2.5",NA,NA,NA
74429.9359265733,74521.950775898,NA,0.0350267873279064,NA,16.1301154397895,16.283515513028,"arousal","trial_sd_x_flips","trial_sd_abs_jerk_sd","by_sample_iqr_out2.5",NA,NA,NA
74434.3337431012,74526.3485924259,NA,0.0339229112785341,NA,16.1343939863481,16.2878274975619,"arousal","trial_sd_y_flips","trial_sd_abs_jerk_sd","by_sample_iqr_out2.5",NA,NA,NA
72223.1957835573,72315.210632882,0.631168412858176,0.0192480401683415,0.623929798513854,14.1141492701616,14.2745598676612,"valence","task_x_flips","trial_mean_duration","by_sample_iqr_out2.5",NA,NA,NA
72227.8691368915,72319.8839862162,0.629712420107593,0.0190036087419757,0.622539304739386,14.1700330503672,14.3069507790721,"valence","task_x_flips","trial_sd_duration","by_sample_iqr_out2.5",NA,NA,NA
72229.7528627982,72321.7677121229,0.629946681944936,0.0183123859340104,0.623043712935968,14.1629155020734,14.3039750740339,"valence","trial_mean_angle_sd","trial_mean_trial_move_offset","by_sample_iqr_out2.5",NA,NA,NA
72228.6728039691,72320.6876532937,0.630251156255203,0.0178743684086382,0.6235218470516,14.1439484219512,14.2934271794313,"valence","task_angle_sd","trial_sd_trial_move_offset","by_sample_iqr_out2.5",NA,NA,NA
72221.1146276489,72313.1294769735,0.631624390500495,0.0180940497607054,0.624836157261569,14.1120094404227,14.2713405759802,"valence","trial_sd_total_dist","trial_mean_speed_mean","by_sample_iqr_out2.5",NA,NA,NA
72227.2456189823,72319.260468307,0.629844534969628,0.0174146086417265,0.623284176331292,14.1629138800372,14.3028900252343,"valence","trial_sd_angle_sd","trial_sd_speed_mean","by_sample_iqr_out2.5",NA,NA,NA
72215.8892206906,72307.9040700153,0.631865356690406,0.0172289894652851,0.625411576691404,14.0926749457731,14.2582536533105,"valence","trial_mean_total_dist","trial_sd_speed_sd","by_sample_iqr_out2.5",NA,NA,NA
72228.3820004596,72320.3968497843,NA,0.0482963385153608,NA,14.1720914460896,14.3080935717413,"valence","task_y_flips","trial_sd_abs_jerk_mean","by_sample_iqr_out2.5",NA,NA,NA
72230.6436567031,72322.6585060277,NA,0.0490591424583527,NA,14.1740620490463,14.3100793087013,"valence","trial_sd_total_dist","trial_sd_abs_jerk_sd","by_sample_iqr_out2.5",NA,NA,NA
72231.3636996037,72323.3785489284,0.630014047935898,0.0184641238058265,0.623054071646681,14.1737457459564,14.3101274482652,"valence","clicks","trial_mean_trial_move_offset","by_sample_iqr_out2.5",NA,NA,NA
72227.8775058289,72319.8923551535,0.629901723570407,0.0182773286366264,0.623011378645645,14.1581385221572,14.3007284481281,"valence","task_angle_sd","trial_mean_trial_move_offset","by_sample_iqr_out2.5",NA,NA,NA
72229.6754179211,72321.6902672458,NA,0.0467796494106578,NA,14.1730126688566,14.3090232632449,"valence","task_y_flips","trial_sd_speed_mean","by_sample_iqr_out2.5",NA,NA,NA
72201.9853246764,72294.000174001,0.639258341016146,0.0162487680994475,0.63329991639561,14.06688567301,14.2347677945958,"valence","trial_mean_total_dist","trial_mean_speed_mean","by_sample_iqr_out2.5",NA,NA,NA
72226.2612171432,72318.2760664679,0.63041875928395,0.0180661062566822,0.623619020515591,14.1376783598283,14.2889710218974,"valence","trial_sd_total_dist","trial_sd_trial_move_offset","by_sample_iqr_out2.5",NA,NA,NA
72218.0121697129,72310.0270190376,0.631727625595843,0.0185358172891,0.624772476783664,14.1182901381291,14.2747324053326,"valence","trial_sd_distance_overshoot","trial_sd_speed_mean","by_sample_iqr_out2.5",NA,NA,NA
72229.8395794259,72321.8544287505,NA,0.0472152483229722,NA,14.1732459324295,14.3092583706201,"valence","trial_mean_angle_mean","trial_sd_abs_jerk_sd","by_sample_iqr_out2.5",NA,NA,NA
72229.2304111645,72321.2452604892,0.629897321921396,0.0175367081754948,0.623291087658557,14.1534679322203,14.298696593383,"valence","trial_sd_angle_mean","trial_mean_speed_mean","by_sample_iqr_out2.5",NA,NA,NA
72221.673498601,72313.6883479256,NA,0.0474172531085932,NA,14.1666155861526,14.3025647489949,"valence","trial_sd_angle_sd","trial_sd_abs_jerk_sd","by_sample_iqr_out2.5",NA,NA,NA
72228.8259070962,72320.8407564208,NA,0.0504409541716843,NA,14.1725579183044,14.3085630348939,"valence","trial_sd_x_flips","trial_sd_abs_jerk_sd","by_sample_iqr_out2.5",NA,NA,NA
72226.9579983329,72318.9728476576,NA,0.0517667689559421,NA,14.1709085533843,14.3068994237267,"valence","trial_sd_y_flips","trial_sd_abs_jerk_sd","by_sample_iqr_out2.5",NA,NA,NA
3108.28379854888,3193.22058254088,NA,0.0617316697858891,NA,0.207339185302415,1,"stress","task_x_flips","trial_mean_duration","by_sample_iqr_out2.5",0.156078392778141,-24.2274399455928,0.00510237361955171
3106.87433065445,3191.81111464645,NA,0.0733874218932723,NA,0.207211973735586,1,"stress","task_x_flips","trial_sd_duration","by_sample_iqr_out2.5",0.155934112779864,-24.1713304317892,0.00511971999005062
3114.35353358139,3199.29031757339,0.485077900629273,0.0381431943405145,0.464658256467108,0.20699459610429,1,"stress","trial_mean_angle_sd","trial_mean_trial_move_offset","by_sample_iqr_out2.5",0.155565872449938,-24.1236246728283,0.00525395308022888
3110.76095661862,3195.69774061062,NA,0.0625431553256043,NA,0.20726891529909,1,"stress","task_angle_sd","trial_sd_trial_move_offset","by_sample_iqr_out2.5",0.156166122589081,-24.1777252882798,0.00491967992434856
3112.97352946917,3197.91031346116,NA,0.0714925944529077,NA,0.207408174875613,1,"stress","trial_sd_total_dist","trial_mean_speed_mean","by_sample_iqr_out2.5",0.156097688288162,-24.1426943469061,0.00522934554754066
3114.65100995622,3199.58779394821,NA,0.0708920300509116,NA,0.207434252502976,1,"stress","trial_sd_angle_sd","trial_sd_speed_mean","by_sample_iqr_out2.5",0.156215924837698,-24.1391376167126,0.00524886357553492
3114.06048086153,3198.99726485353,NA,0.0706340058404118,NA,0.207463790988614,1,"stress","trial_mean_total_dist","trial_sd_speed_sd","by_sample_iqr_out2.5",0.156255229432162,-24.133941115046,0.00522372682644678
3110.45734385889,3195.39412785089,NA,0.0700561934294364,NA,0.207282484813446,1,"stress","task_y_flips","trial_sd_abs_jerk_mean","by_sample_iqr_out2.5",0.156143898921528,-24.1435691854608,0.00519973207419774
3114.20746624691,3199.1442502389,0.48284803478431,0.038492090157187,0.462144866493887,0.207255972111258,1,"stress","trial_sd_total_dist","trial_sd_abs_jerk_sd","by_sample_iqr_out2.5",0.155875908962105,-24.1223372961616,0.0052194752181843
3113.29460951896,3198.23139351096,0.485829849344369,0.0380298486286725,0.465503009711205,0.207056341895769,1,"stress","clicks","trial_mean_trial_move_offset","by_sample_iqr_out2.5",0.15551577789618,-24.1316516274974,0.00525592699968898
3111.5721024842,3196.50888647619,NA,0.0702629874377391,NA,0.207323501421721,1,"stress","task_angle_sd","trial_mean_trial_move_offset","by_sample_iqr_out2.5",0.156116186480164,-24.1380511966407,0.00529446216749713
3115.02383898276,3199.96062297476,NA,0.0677737406269043,NA,0.207383029449809,1,"stress","task_y_flips","trial_sd_speed_mean","by_sample_iqr_out2.5",0.156243729620225,-24.1337094932001,0.00527501954571113
3113.17790848471,3198.1146924767,0.486682077203998,0.039621239976592,0.465504711095974,0.207132117943415,1,"stress","trial_mean_total_dist","trial_mean_speed_mean","by_sample_iqr_out2.5",0.155448510986483,-24.1285540231767,0.00526038700372161
3112.23803886343,3197.17482285542,NA,0.0706989149360553,NA,0.207340726040779,1,"stress","trial_sd_total_dist","trial_sd_trial_move_offset","by_sample_iqr_out2.5",0.15623162275506,-24.1516711202387,0.00501116074654467
3113.49654059928,3198.43332459127,NA,0.0697815164198362,NA,0.207393615505123,1,"stress","trial_sd_distance_overshoot","trial_sd_speed_mean","by_sample_iqr_out2.5",0.156188854514185,-24.1387855798685,0.00519519782744166
3116.81344610088,3201.75023009288,0.478864381326736,0.0350334358724299,0.459944377301379,0.20729400716193,1,"stress","trial_mean_angle_mean","trial_sd_abs_jerk_sd","by_sample_iqr_out2.5",0.155962203558803,-24.1031872321593,0.00527654285030966
3114.50204681851,3199.43883081051,0.486238147829299,0.0379544105538447,0.46596932847385,0.20726529244368,1,"stress","trial_sd_angle_mean","trial_mean_speed_mean","by_sample_iqr_out2.5",0.15572652849797,-24.134256131527,0.00528043331984663
3116.92840849465,3201.86519248665,0.478530350619922,0.0367200993651189,0.458651998202821,0.207422500792952,1,"stress","trial_sd_angle_sd","trial_sd_abs_jerk_sd","by_sample_iqr_out2.5",0.156239452103893,-24.115518146448,0.00528774507792102
3112.6292239449,3197.56600793689,NA,0.0678602582125065,NA,0.207289459554592,1,"stress","trial_sd_x_flips","trial_sd_abs_jerk_sd","by_sample_iqr_out2.5",0.156194534646731,-24.1719365199939,0.00508834652396111
3116.28457718376,3201.22136117576,NA,0.0657515403547181,NA,0.207428014839933,1,"stress","trial_sd_y_flips","trial_sd_abs_jerk_sd","by_sample_iqr_out2.5",0.156450027348276,-24.1200710060194,0.00525725024897402
80802.9331680618,80896.0363104195,0.541108512151244,0.0153508532583779,0.533954313201501,15.9636139135751,16.1489563681972,"arousal","task_x_flips","trial_mean_duration","by_sample_iqr_out3.5",NA,NA,NA
80836.0222765973,80929.125418955,NA,0.0297141530481752,NA,16.0984548776184,16.2395512758838,"arousal","task_x_flips","trial_sd_duration","by_sample_iqr_out3.5",NA,NA,NA
80803.7706355377,80896.8737778954,0.538979117983424,0.0161399833484138,0.531416182979375,15.9893372439809,16.1659987584059,"arousal","trial_mean_angle_sd","trial_mean_trial_move_offset","by_sample_iqr_out3.5",NA,NA,NA
80844.7095244021,80937.8126667598,0.535058032829093,0.0135156358265636,0.528687950811591,16.0928271108523,16.240780692848,"arousal","task_angle_sd","trial_sd_trial_move_offset","by_sample_iqr_out3.5",NA,NA,NA
80840.3886573323,80933.49179969,0.536518390295126,0.0133296429864076,0.530256882240064,16.0509379416994,16.2149726652479,"arousal","trial_sd_total_dist","trial_sd_speed_mean","by_sample_iqr_out3.5",NA,NA,NA
80849.0063852225,80942.1095275802,NA,0.0277467262239737,NA,16.1104890322985,16.251664970138,"arousal","trial_sd_angle_sd","trial_sd_speed_sd","by_sample_iqr_out3.5",NA,NA,NA
80823.9269461046,80917.0300884623,0.535783086922392,0.0168887772948254,0.527808347258769,16.0638334674871,16.2170756892003,"arousal","trial_mean_total_dist","trial_sd_abs_jerk_sd","by_sample_iqr_out3.5",NA,NA,NA
80844.729732927,80937.8328752847,NA,0.0291303732218856,NA,16.1065843509763,16.2477346659004,"arousal","clicks","trial_sd_abs_jerk_sd","by_sample_iqr_out3.5",NA,NA,NA
80837.1745025192,80930.2776448769,NA,0.0310106496877045,NA,16.1003331355639,16.2414242568074,"arousal","task_angle_sd","trial_sd_abs_jerk_sd","by_sample_iqr_out3.5",NA,NA,NA
80805.5671436468,80898.6702860045,0.537665313227625,0.0165808265110859,0.529870172113756,16.0238688829497,16.1873041720422,"arousal","task_x_flips","trial_mean_trial_move_offset","by_sample_iqr_out3.5",NA,NA,NA
80839.1998622917,80932.3030046494,0.535611937165346,0.0145825758596005,0.528739748802646,16.0769794753411,16.2301210835124,"arousal","task_y_flips","trial_sd_speed_sd","by_sample_iqr_out3.5",NA,NA,NA
80797.1811933753,80890.284335733,0.540580745261121,0.0160172123111437,0.533102346416093,15.9785428499229,16.1565234336758,"arousal","trial_mean_total_dist","trial_mean_trial_move_offset","by_sample_iqr_out3.5",NA,NA,NA
80847.778949613,80940.8820919707,NA,0.0266418997387643,NA,16.1087517462103,16.2499310422627,"arousal","trial_sd_total_dist","trial_sd_duration","by_sample_iqr_out3.5",NA,NA,NA
80837.5294972878,80930.6326396455,0.535947656113036,0.0138668736432803,0.529422213407017,16.0842355914171,16.233080147567,"arousal","trial_sd_distance_overshoot","trial_sd_duration","by_sample_iqr_out3.5",NA,NA,NA
80834.377804144,80927.4809465017,0.535316235354073,0.0150204946773033,0.528230016833002,16.0663508960082,16.2227055350032,"arousal","trial_mean_angle_mean","trial_sd_speed_sd","by_sample_iqr_out3.5",NA,NA,NA
80831.3533973368,80924.4565396945,0.535491239943007,0.0162119157396384,0.527836566137896,16.0763504887361,16.2268602035344,"arousal","trial_sd_angle_mean","trial_mean_trial_move_offset","by_sample_iqr_out3.5",NA,NA,NA
80837.1940809491,80930.2972233068,NA,0.031331412115854,NA,16.1010182114699,16.2420999581548,"arousal","trial_mean_angle_sd","trial_sd_speed_mean","by_sample_iqr_out3.5",NA,NA,NA
80848.8864865642,80941.9896289219,NA,0.0278103660411705,NA,16.1095367002622,16.2507240611125,"arousal","trial_sd_angle_sd","trial_sd_trial_move_offset","by_sample_iqr_out3.5",NA,NA,NA
80839.8049868166,80932.9081291743,0.537709043269405,0.0161344266579743,0.530127926765167,16.0546197273119,16.2179045554081,"arousal","trial_sd_x_flips","trial_sd_speed_sd","by_sample_iqr_out3.5",NA,NA,NA
80848.612795557,80941.7159379147,NA,0.0284299629553667,NA,16.1102919659407,16.2514635198902,"arousal","trial_sd_y_flips","trial_sd_speed_sd","by_sample_iqr_out3.5",NA,NA,NA
78456.7328384197,78549.8359807774,0.633729409359176,0.0173371334585163,0.627267292667804,14.0856928461617,14.2424733200744,"valence","task_x_flips","trial_mean_duration","by_sample_iqr_out3.5",NA,NA,NA
78473.3008462878,78566.4039886455,0.631343319208861,0.0170463269622545,0.624950095916695,14.1705153180113,14.2963677377011,"valence","task_x_flips","trial_sd_duration","by_sample_iqr_out3.5",NA,NA,NA
78473.3431907448,78566.4463331024,0.631417109929663,0.0168585733380817,0.625096776440603,14.163204280438,14.2926327858545,"valence","trial_mean_angle_sd","trial_mean_trial_move_offset","by_sample_iqr_out3.5",NA,NA,NA
78476.3145001703,78569.417642528,0.631557049777283,0.0166851930324036,0.6253051946213,14.1648987575655,14.2945555103043,"valence","task_angle_sd","trial_sd_trial_move_offset","by_sample_iqr_out3.5",NA,NA,NA
78470.9434262571,78564.0465686148,0.632195584904919,0.0166532229047378,0.625966725409372,14.1641166812783,14.2919240626018,"valence","trial_sd_total_dist","trial_sd_speed_mean","by_sample_iqr_out3.5",NA,NA,NA
78474.2986939065,78567.4018362642,NA,0.0427233287692799,NA,14.1725648410113,14.2977798911602,"valence","trial_sd_angle_sd","trial_sd_speed_sd","by_sample_iqr_out3.5",NA,NA,NA
78473.0904545875,78566.1935969452,0.632723380462075,0.0179221285142119,0.626020878586469,14.1394167634894,14.2793301870219,"valence","trial_mean_total_dist","trial_sd_abs_jerk_sd","by_sample_iqr_out3.5",NA,NA,NA
78474.8717740264,78567.9749163841,NA,0.0455725877786584,NA,14.1728218749602,14.2980433787236,"valence","clicks","trial_sd_abs_jerk_sd","by_sample_iqr_out3.5",NA,NA,NA
78475.4231192343,78568.5262615919,NA,0.0439405148426651,NA,14.1732284415031,14.298452695329,"valence","task_angle_sd","trial_sd_abs_jerk_sd","by_sample_iqr_out3.5",NA,NA,NA
78469.9392485609,78563.0423909186,0.632433300568579,0.0172022306045359,0.625999660482016,14.1422891928446,14.2800310622565,"valence","task_x_flips","trial_mean_trial_move_offset","by_sample_iqr_out3.5",NA,NA,NA
78471.6480525855,78564.7511949432,NA,0.0440117943829517,NA,14.1704874497706,14.2956863108606,"valence","task_y_flips","trial_sd_speed_sd","by_sample_iqr_out3.5",NA,NA,NA
78445.2216222159,78538.3247645736,0.637112085241023,0.0158475356593392,0.631268601250624,14.0624088934005,14.2236787147469,"valence","trial_mean_total_dist","trial_mean_trial_move_offset","by_sample_iqr_out3.5",NA,NA,NA
78466.9180252649,78560.0211676226,0.631880817638886,0.0177373098553625,0.625233467529028,14.154015136312,14.2854421228584,"valence","trial_sd_total_dist","trial_sd_duration","by_sample_iqr_out3.5",NA,NA,NA
78471.6432323433,78564.746374701,0.632215729716162,0.0166683105511955,0.625981472752094,14.1344365685442,14.2760517634677,"valence","trial_sd_distance_overshoot","trial_sd_duration","by_sample_iqr_out3.5",NA,NA,NA
78475.2899382272,78568.3930805849,NA,0.0435017920990562,NA,14.1734101121785,14.2986319894107,"valence","trial_mean_angle_mean","trial_sd_speed_sd","by_sample_iqr_out3.5",NA,NA,NA
78471.0492092515,78564.1523516092,0.631520016769307,0.0166212818388811,0.625291887626228,14.1529980864004,14.2863969034429,"valence","trial_sd_angle_mean","trial_mean_trial_move_offset","by_sample_iqr_out3.5",NA,NA,NA
78476.4693913,78569.5725336577,NA,0.0442819590399655,NA,14.1741037884873,14.2993350410895,"valence","trial_mean_angle_sd","trial_sd_speed_mean","by_sample_iqr_out3.5",NA,NA,NA
78474.4560615634,78567.5592039211,NA,0.0472825253195162,NA,14.1724673043719,14.2976850422679,"valence","trial_sd_angle_sd","trial_sd_trial_move_offset","by_sample_iqr_out3.5",NA,NA,NA
78470.9526297189,78564.0557720766,0.633005822649677,0.0183114795593717,0.626160263964788,14.1285624167682,14.2729550228624,"valence","trial_sd_x_flips","trial_sd_speed_sd","by_sample_iqr_out3.5",NA,NA,NA
78474.7619449367,78567.8650872944,NA,0.0452425539476779,NA,14.1729555225707,14.2981737687587,"valence","trial_sd_y_flips","trial_sd_speed_sd","by_sample_iqr_out3.5",NA,NA,NA
3319.33888961623,3405.28025179256,NA,0.0605681435250245,NA,0.205744487738956,1,"stress","task_x_flips","trial_mean_duration","by_sample_iqr_out3.5",0.153950832383037,-Inf,0.00505524102558623
3317.28031592803,3403.22167810436,NA,0.0655997469947948,NA,0.205669644672192,1,"stress","task_x_flips","trial_sd_duration","by_sample_iqr_out3.5",0.153849063194579,-25.7482279248607,0.00505553065057734
3321.54306981293,3407.48443198926,NA,0.068520068814237,NA,0.205678473169624,1,"stress","trial_mean_angle_sd","trial_mean_trial_move_offset","by_sample_iqr_out3.5",0.153960005518807,-25.7419814232505,0.00504637283987867
3318.39508759636,3404.33644977269,NA,0.0557758806737927,NA,0.205625309142716,1,"stress","task_angle_sd","trial_sd_trial_move_offset","by_sample_iqr_out3.5",0.153911335930083,-Inf,0.00486874238260333
3322.84726910978,3408.78863128611,0.484851791366083,0.0384164524358006,0.464270983068662,0.205349764018758,1,"stress","trial_sd_total_dist","trial_sd_speed_mean","by_sample_iqr_out3.5",0.153604691103416,-26.3355378124913,0.0043367028215963
3321.85054595247,3407.7919081288,NA,0.0629539874555151,NA,0.205798221769937,1,"stress","trial_sd_angle_sd","trial_sd_speed_sd","by_sample_iqr_out3.5",0.154043739364872,-25.7265534776358,0.00514449751243978
3322.23185194281,3408.17321411914,0.484124231023032,0.0358356887131768,0.464950358628755,0.205515376454671,1,"stress","trial_mean_total_dist","trial_sd_abs_jerk_sd","by_sample_iqr_out3.5",0.153441185361188,-25.7111382282164,0.0050443716486168
3321.22469443805,3407.16605661438,NA,0.0670713846133961,NA,0.20581807736484,1,"stress","clicks","trial_sd_abs_jerk_sd","by_sample_iqr_out3.5",0.154032447666968,-25.7256039087736,0.00508108522130384
3322.73938352623,3408.68074570256,NA,0.0642835841928348,NA,0.205776026267846,1,"stress","task_angle_sd","trial_sd_abs_jerk_sd","by_sample_iqr_out3.5",0.1541038936964,-25.7246650307682,0.00513981566341579
3320.90334590549,3406.84470808182,NA,0.0655961971272231,NA,0.20570119826624,1,"stress","task_x_flips","trial_mean_trial_move_offset","by_sample_iqr_out3.5",0.15397729462984,-25.7340978502265,0.00510430039364305
3324.14236087334,3410.08372304967,0.459969073004452,0.0329221215416346,0.441584861959184,0.205518416038744,1,"stress","task_y_flips","trial_sd_speed_sd","by_sample_iqr_out3.5",0.153896082161946,-25.941278869391,0.00500465835189414
3321.97424955338,3407.91561172971,NA,0.0648966647234193,NA,0.205772990376315,1,"stress","trial_mean_total_dist","trial_mean_trial_move_offset","by_sample_iqr_out3.5",0.153999435546696,-Inf,0.00512797618637204
3322.16984330297,3408.1112054793,NA,0.0670015633233967,NA,0.205790272604945,1,"stress","trial_sd_total_dist","trial_sd_duration","by_sample_iqr_out3.5",0.154102786144285,-25.7230853765603,0.00504107737982399
3318.73635713976,3404.67771931609,NA,0.0706766176397379,NA,0.205722755068642,1,"stress","trial_sd_distance_overshoot","trial_sd_duration","by_sample_iqr_out3.5",0.153875793017319,-25.7437234655751,0.00506263752976296
3326.24593777726,3412.18729995359,0.475398592607673,0.0325574041071705,0.457744149761997,0.205866105945849,1,"stress","trial_mean_angle_mean","trial_sd_speed_sd","by_sample_iqr_out3.5",0.154412763545066,-26.1074085907715,0.00503495511760484
3322.57853472602,3408.51989690235,NA,0.063442703652989,NA,0.205840662426535,1,"stress","trial_sd_angle_mean","trial_mean_trial_move_offset","by_sample_iqr_out3.5",0.153979108031795,-Inf,0.00515787937625237
3323.33945867913,3409.28082085545,NA,0.064334957020134,NA,0.205828612263738,1,"stress","trial_mean_angle_sd","trial_sd_speed_mean","by_sample_iqr_out3.5",0.154057699535245,-25.7263874206344,0.00514718385599858
3321.50858373211,3407.44994590844,NA,0.0559224309081254,NA,0.205778331069106,1,"stress","trial_sd_angle_sd","trial_sd_trial_move_offset","by_sample_iqr_out3.5",0.15406892084801,-25.7311707840237,0.00515365463211276
3323.3664973035,3409.30785947983,0.487141186211275,0.03589944565618,0.468044270405192,0.205501942616785,1,"stress","trial_sd_x_flips","trial_sd_speed_sd","by_sample_iqr_out3.5",0.153424875674703,-Inf,0.00510103532493536
3320.52265832834,3406.46402050467,NA,0.0689037843131609,NA,0.205684486068577,1,"stress","trial_sd_y_flips","trial_sd_speed_sd","by_sample_iqr_out3.5",0.153873427086553,-25.7538716925945,0.00472308639805638
90915.0490853544,91009.6958350401,NA,0.0300107339727687,NA,16.0795187765793,16.2048864077531,"arousal","task_x_flips","task_duration","by_participant_cutoffNA",NA,NA,NA
90916.0279690874,91010.6747187732,NA,0.0292197721643,NA,16.0802332732606,16.2056069445741,"arousal","task_x_flips","trial_sd_duration","by_participant_cutoffNA",NA,NA,NA
90929.0341436115,91023.6808932973,0.537112036319812,0.0129706426713323,0.531029183434863,16.0809827771297,16.2108815555499,"arousal","trial_sd_angle_sd","trial_mean_trial_move_offset","by_participant_cutoffNA",NA,NA,NA
90923.3560729184,91018.0028226042,0.536980855172761,0.013049934733769,0.530858590396527,16.0740873114935,16.2050987389111,"arousal","task_angle_sd","trial_sd_trial_move_offset","by_participant_cutoffNA",NA,NA,NA
90913.134684297,91007.7814339828,0.538228271571429,0.0148093934113567,0.531286915100096,16.0712619269901,16.1999236505417,"arousal","trial_sd_distance_overshoot","trial_mean_speed_mean","by_participant_cutoffNA",NA,NA,NA
90927.3710788631,91022.0178285489,0.537494147361493,0.0141994486861547,0.530832223595236,16.084383924955,16.212044834213,"arousal","trial_sd_x_flips","trial_sd_speed_mean","by_participant_cutoffNA",NA,NA,NA
90927.7514813203,91022.3982310061,NA,0.026925000541951,NA,16.0891193283522,16.2145606468107,"arousal","trial_sd_total_dist","trial_sd_speed_sd","by_participant_cutoffNA",NA,NA,NA
90919.2590363608,91013.9057860466,0.537742976496487,0.0135316144364186,0.531402090256121,16.0631828259066,16.1979108334444,"arousal","task_y_flips","trial_sd_abs_jerk_sd","by_participant_cutoffNA",NA,NA,NA
90930.4364795846,91025.0832292703,NA,0.0281412000359222,NA,16.0912320268293,16.2166870629718,"arousal","clicks","trial_sd_speed_sd","by_participant_cutoffNA",NA,NA,NA
90927.0463277493,91021.6930774351,0.537239488816951,0.0138653021925865,0.530732959491277,16.0809388573521,16.2101960357259,"arousal","task_angle_sd","trial_sd_speed_sd","by_participant_cutoffNA",NA,NA,NA
90914.6058207647,91009.2525704505,NA,0.0303938342466863,NA,16.0791945180416,16.2045595854748,"arousal","task_x_flips","trial_mean_trial_move_offset","by_participant_cutoffNA",NA,NA,NA
90922.6561631667,91017.3029128525,NA,0.0286435491391588,NA,16.0853394059518,16.2107496302361,"arousal","task_y_flips","trial_sd_speed_mean","by_participant_cutoffNA",NA,NA,NA
90918.2748558378,91012.9216055236,0.539370444418538,0.0142537416350604,0.532709810792982,16.0368855355894,16.1818949273352,"arousal","trial_sd_total_dist","trial_mean_trial_move_offset","by_participant_cutoffNA",NA,NA,NA
90918.0378681122,91012.684617798,0.537567318162312,0.0132718200781957,0.531347445783564,16.0719968456956,16.2020011986122,"arousal","trial_sd_distance_overshoot","trial_sd_duration","by_participant_cutoffNA",NA,NA,NA
90920.1875367293,91014.834286415,0.537661521288313,0.0131519854285602,0.531499813664349,16.059523195437,16.1962505592061,"arousal","trial_mean_angle_mean","trial_sd_duration","by_participant_cutoffNA",NA,NA,NA
90933.7652822922,91028.412031978,NA,0.0274403811806865,NA,16.0938387099884,16.2193119727988,"arousal","trial_sd_angle_mean","trial_sd_speed_mean","by_participant_cutoffNA",NA,NA,NA
90905.7171680683,91000.3639177541,0.539986333776441,0.0131969021575211,0.533834391856571,16.001042114576,16.1580925219803,"arousal","trial_mean_angle_sd","trial_mean_trial_move_offset","by_participant_cutoffNA",NA,NA,NA
90922.0179679193,91016.664717605,0.538145567122463,0.014539704782583,0.531331262031577,16.0713779295569,16.2032843315161,"arousal","trial_sd_angle_sd","trial_mean_speed_mean","by_participant_cutoffNA",NA,NA,NA
90930.6389288979,91025.2856785836,NA,0.0275625840819844,NA,16.0914513659391,16.2169068249296,"arousal","trial_sd_x_flips","trial_sd_trial_move_offset","by_participant_cutoffNA",NA,NA,NA
90933.0792505906,91027.7260002764,0.536941121680327,0.0130784221568211,0.530804788632098,16.0829038063227,16.2134224084167,"arousal","trial_sd_y_flips","trial_sd_speed_mean","by_participant_cutoffNA",NA,NA,NA
88430.3150247007,88524.9617743865,0.629869949241994,0.018209374532049,0.623005108057952,14.2543511758954,14.3773562934013,"valence","task_x_flips","task_duration","by_participant_cutoffNA",NA,NA,NA
88427.7446882014,88522.3914378871,0.629793921290143,0.0183033412987059,0.622891577119545,14.2557736873094,14.3776179699663,"valence","task_x_flips","trial_sd_duration","by_participant_cutoffNA",NA,NA,NA
88431.947885258,88526.5946349438,NA,0.0449294956965837,NA,14.2799657947639,14.3920620332998,"valence","trial_sd_angle_sd","trial_mean_trial_move_offset","by_participant_cutoffNA",NA,NA,NA
88424.5583351506,88519.2050848363,0.629592359307295,0.0180306007770973,0.622791055417986,14.2596701507067,14.3787850779632,"valence","task_angle_sd","trial_sd_trial_move_offset","by_participant_cutoffNA",NA,NA,NA
88431.7342180696,88526.3809677554,0.62850646995003,0.0168464063774614,0.622140902032244,14.2755944098771,14.3897755217157,"valence","trial_sd_distance_overshoot","trial_mean_speed_mean","by_participant_cutoffNA",NA,NA,NA
88431.6334579989,88526.2802076846,0.629484390162113,0.0184025438651422,0.622538131570928,14.2762323493771,14.3899785630277,"valence","trial_sd_x_flips","trial_sd_speed_mean","by_participant_cutoffNA",NA,NA,NA
88422.006074137,88516.6528238228,0.630729891545993,0.0191365280728804,0.623525476253596,14.2503298682335,14.372872537863,"valence","trial_sd_total_dist","trial_sd_speed_sd","by_participant_cutoffNA",NA,NA,NA
88426.9147494996,88521.5614991854,0.630094673834813,0.0188959781314006,0.622970329424734,14.2647909316778,14.3824282356345,"valence","task_y_flips","trial_sd_abs_jerk_sd","by_participant_cutoffNA",NA,NA,NA
88428.9900303411,88523.6367800269,0.629542432616422,0.018647639865223,0.622503004595923,14.2683279923471,14.3849495933863,"valence","clicks","trial_sd_speed_sd","by_participant_cutoffNA",NA,NA,NA
88427.0201489977,88521.6668986835,0.630557980028008,0.0200891944925819,0.622984032938909,14.2606380773981,14.3803309103976,"valence","task_angle_sd","trial_sd_speed_sd","by_participant_cutoffNA",NA,NA,NA
88432.0411103805,88526.6878600663,NA,0.0458176814843167,NA,14.2799700664976,14.3920670800616,"valence","task_x_flips","trial_mean_trial_move_offset","by_participant_cutoffNA",NA,NA,NA
88435.819684811,88530.4664344967,0.62893035281243,0.0179940903742099,0.622130942848427,14.2808102097523,14.3937767605154,"valence","task_y_flips","trial_sd_speed_mean","by_participant_cutoffNA",NA,NA,NA
88428.2071295821,88522.8538792679,0.629999877191919,0.0193512894899218,0.622698608744789,14.2730538074928,14.3871563129246,"valence","trial_sd_total_dist","trial_mean_trial_move_offset","by_participant_cutoffNA",NA,NA,NA
88433.1301993219,88527.7769490077,0.62909497813891,0.017722874841232,0.622402871489917,14.2719579455742,14.3882188712988,"valence","trial_sd_distance_overshoot","trial_sd_duration","by_participant_cutoffNA",NA,NA,NA
88428.3911409906,88523.0378906763,0.629672267420014,0.0179129520667031,0.62291760861799,14.2517410472576,14.3759190542564,"valence","trial_mean_angle_mean","trial_sd_duration","by_participant_cutoffNA",NA,NA,NA
88435.0020600296,88529.6488097153,NA,0.0440870567658495,NA,14.2820693647922,14.3941804736149,"valence","trial_sd_angle_mean","trial_sd_speed_mean","by_participant_cutoffNA",NA,NA,NA
88426.8937086614,88521.5404583472,0.629945770637628,0.0175604164310196,0.623331311613026,14.244585033979,14.3715932907764,"valence","trial_mean_angle_sd","trial_mean_trial_move_offset","by_participant_cutoffNA",NA,NA,NA
88431.1372284254,88525.7839781112,NA,0.0453223618843917,NA,14.2793336299482,14.391426045482,"valence","trial_sd_angle_sd","trial_mean_speed_mean","by_participant_cutoffNA",NA,NA,NA
88433.943016706,88528.5897663918,0.629220016061569,0.0178717086782628,0.622472962835192,14.2711224682719,14.3879502974412,"valence","trial_sd_x_flips","trial_sd_trial_move_offset","by_participant_cutoffNA",NA,NA,NA
88433.4650390876,88528.1117887734,0.629083256283723,0.017708719348141,0.622396379747836,14.2745833271165,14.3897809260425,"valence","trial_sd_y_flips","trial_sd_speed_mean","by_participant_cutoffNA",NA,NA,NA
3762.047978977,3849.41420945617,NA,0.0862868906955955,NA,0.207561044062005,1,"stress","task_x_flips","task_duration","by_participant_cutoffNA",0.156381736343695,-Inf,0.00453382163341143
3761.4054770042,3848.77170748337,NA,0.0867904470628119,NA,0.207543823019601,1,"stress","task_x_flips","trial_sd_duration","by_participant_cutoffNA",0.156357805987834,-30.1643804222656,0.00454516984700708
3763.9998590198,3851.36608949897,NA,0.0835596092141436,NA,0.207664668518823,1,"stress","trial_sd_angle_sd","trial_mean_trial_move_offset","by_participant_cutoffNA",0.156487349679425,-30.1545343711885,0.00457653398647568
3763.58560590547,3850.95183638464,NA,0.0866388581633308,NA,0.207604633683036,1,"stress","task_angle_sd","trial_sd_trial_move_offset","by_participant_cutoffNA",0.156444381596002,-30.158310018985,0.00446516304693606
3760.71324129864,3848.07947177781,NA,0.0817733341644124,NA,0.20756615149532,1,"stress","trial_sd_distance_overshoot","trial_mean_speed_mean","by_participant_cutoffNA",0.156346157867679,-Inf,0.00450788954314426
3764.98284133725,3852.34907181642,NA,0.0833036903372617,NA,0.207627263883663,1,"stress","trial_sd_x_flips","trial_sd_speed_mean","by_participant_cutoffNA",0.156525786608196,-30.1525853674424,0.00458764447728136
3759.4705402713,3846.83677075047,NA,0.0848989103524338,NA,0.207457339615283,1,"stress","trial_sd_total_dist","trial_sd_speed_sd","by_participant_cutoffNA",0.156255291031106,-Inf,0.0045915387840299
3757.05410571534,3844.42033619451,NA,0.0856453035861109,NA,0.207382898557841,1,"stress","task_y_flips","trial_sd_abs_jerk_sd","by_participant_cutoffNA",0.156162716441016,-Inf,0.00460241647900227
3759.63658295007,3847.00281342924,0.495244438136796,0.0466283096297814,0.47055742585854,0.207029338401294,1,"stress","clicks","trial_sd_speed_sd","by_participant_cutoffNA",0.155570999238108,-Inf,0.00459713382227638
3762.59452216232,3849.96075264149,NA,0.0936665780174886,NA,0.207549254483228,1,"stress","task_angle_sd","trial_sd_speed_sd","by_participant_cutoffNA",0.156323916471712,-Inf,0.00457665292982591
3760.68292019131,3848.04915067048,NA,0.080798363578067,NA,0.207506900356196,1,"stress","task_x_flips","trial_mean_trial_move_offset","by_participant_cutoffNA",0.15634580546108,-Inf,0.00452977826623756
3759.14368270588,3846.50991318505,0.493275042434043,0.0469533058885038,0.468310460865336,0.207316703739626,1,"stress","task_y_flips","trial_sd_speed_mean","by_participant_cutoffNA",0.156172102298,-Inf,0.00455239042972195
3763.21030546451,3850.57653594368,NA,0.0760017893789702,NA,0.207599016644171,1,"stress","trial_sd_total_dist","trial_mean_trial_move_offset","by_participant_cutoffNA",0.156485800378684,-Inf,0.0045522608095849
3760.23282151442,3847.59905199359,0.512030317321799,0.0530386769943869,0.484699458337531,0.206556424663957,1,"stress","trial_sd_distance_overshoot","trial_sd_duration","by_participant_cutoffNA",0.154913110202366,-Inf,0.00433944348289566
3764.0856770525,3851.45190753167,NA,0.0864592236306531,NA,0.207654381756874,1,"stress","trial_mean_angle_mean","trial_sd_duration","by_participant_cutoffNA",0.156463701673234,-Inf,0.00453225040238173
3761.61967908178,3848.98590956095,0.496494853085371,0.0472898489911334,0.471502275501689,0.20716472424876,1,"stress","trial_sd_angle_mean","trial_sd_speed_mean","by_participant_cutoffNA",0.155456501424642,-Inf,0.00454950278841741
3763.12491078008,3850.49114125925,NA,0.08377527426908,NA,0.207636424133266,1,"stress","trial_mean_angle_sd","trial_mean_trial_move_offset","by_participant_cutoffNA",0.156444376074851,-Inf,0.00456679361019287
3759.66122920513,3847.0274596843,NA,0.0868700691628254,NA,0.207584447722958,1,"stress","trial_sd_angle_sd","trial_mean_speed_mean","by_participant_cutoffNA",0.156271350520152,-Inf,0.00452460301106232
3757.60182191725,3844.96805239642,0.501142620138481,0.0467521676401697,0.476676093113621,0.206565051432445,1,"stress","trial_sd_x_flips","trial_sd_trial_move_offset","by_participant_cutoffNA",0.154732075356466,-Inf,0.00457233197101247
3759.69358244261,3847.05981292177,NA,0.0840446221256529,NA,0.207375400328439,1,"stress","trial_sd_y_flips","trial_sd_speed_mean","by_participant_cutoffNA",0.156273085937253,-Inf,0.00455843096242852
74413.4285405036,74505.4433898283,0.537767424578385,0.0183660217633285,0.529119217886149,16.092037942482,16.2560622996764,"arousal","task_x_flips","task_duration","by_participant_iqr_out2.5",NA,NA,NA
74408.8436842098,74500.8585335345,0.53829918043719,0.0182287225230529,0.529726698921836,16.0658562985805,16.2399243697205,"arousal","task_x_flips","task_abs_jerk_sd","by_participant_iqr_out2.5",NA,NA,NA
74437.3732919679,74529.3881412925,0.535616706319301,0.0158272961743607,0.528148574050504,16.1256685844144,16.2846262006931,"arousal","trial_sd_angle_sd","trial_sd_duration","by_participant_iqr_out2.5",NA,NA,NA
74423.0969745873,74515.111823912,0.537732426189976,0.0166710097092004,0.529895306276572,16.0743129382755,16.2505659260661,"arousal","task_angle_sd","trial_mean_trial_move_offset","by_participant_iqr_out2.5",NA,NA,NA
74418.7885321321,74510.8033814567,NA,0.0317264217775825,NA,16.1195359338202,16.2728390784148,"arousal","trial_sd_distance_overshoot","trial_sd_trial_move_offset","by_participant_iqr_out2.5",NA,NA,NA
74415.4964102321,74507.5112595568,0.537484925841455,0.0191799070146983,0.528440457667627,16.1137756203118,16.2683725562007,"arousal","trial_sd_x_flips","trial_mean_speed_mean","by_participant_iqr_out2.5",NA,NA,NA
74431.0146856583,74523.029534983,0.536223757012075,0.0166789305237916,0.528357260528378,16.1136566666761,16.2754624083128,"arousal","trial_sd_total_dist","trial_sd_speed_mean","by_participant_iqr_out2.5",NA,NA,NA
74409.085676007,74501.1005253316,0.53878020366545,0.018675054696793,0.530002983678312,16.0745033958697,16.2446183096231,"arousal","task_y_flips","trial_mean_speed_sd","by_participant_iqr_out2.5",NA,NA,NA
74425.0396707304,74517.054520055,0.53603146455378,0.0166879801717896,0.528157364000008,16.1237898301374,16.2779361603675,"arousal","trial_sd_distance_overshoot","trial_sd_speed_sd","by_participant_iqr_out2.5",NA,NA,NA
74395.8124506338,74487.8272999585,NA,0.0401123229685572,NA,16.0976370050875,16.25075883804,"arousal","trial_mean_angle_sd","trial_mean_abs_jerk_mean","by_participant_iqr_out2.5",NA,NA,NA
74431.0946511803,74523.1095005049,NA,0.0344079085849091,NA,16.1311330547021,16.2845420951884,"arousal","trial_sd_angle_sd","trial_sd_abs_jerk_mean","by_participant_iqr_out2.5",NA,NA,NA
74429.6146838766,74521.6295332012,NA,0.0346568602349364,NA,16.1296273481776,16.2830286281743,"arousal","trial_sd_x_flips","trial_sd_abs_jerk_sd","by_participant_iqr_out2.5",NA,NA,NA
74437.4305122799,74529.4453616045,NA,0.0341181271326175,NA,16.1369249793691,16.290389389682,"arousal","clicks","trial_sd_duration","by_participant_iqr_out2.5",NA,NA,NA
74427.4379252624,74519.4527745871,0.535940287554092,0.0170223665275537,0.527904098075375,16.1244706237235,16.2794449099345,"arousal","task_angle_sd","trial_sd_duration","by_participant_iqr_out2.5",NA,NA,NA
74397.4403987865,74489.4552481111,0.538990417149664,0.0194918173452052,0.529825868865143,16.0644258036422,16.23421104484,"arousal","task_x_flips","trial_mean_abs_jerk_mean","by_participant_iqr_out2.5",NA,NA,NA
74417.2834250801,74509.2982744048,0.53707312864054,0.0176365737272491,0.528762106793938,16.1022964501767,16.2632607906315,"arousal","task_y_flips","task_abs_jerk_sd","by_participant_iqr_out2.5",NA,NA,NA
74416.0190779978,74508.0339273225,NA,0.039157951852178,NA,16.1167728829983,16.2700617401313,"arousal","trial_sd_total_dist","trial_mean_speed_mean","by_participant_iqr_out2.5",NA,NA,NA
74418.938395253,74510.9532445777,NA,0.0322790866014458,NA,16.1196420905951,16.2729502961592,"arousal","trial_sd_distance_overshoot","trial_sd_abs_jerk_mean","by_participant_iqr_out2.5",NA,NA,NA
74427.7228319307,74519.7376812554,NA,0.034451014041219,NA,16.1280052442701,16.2813854496412,"arousal","trial_mean_angle_mean","trial_sd_trial_move_offset","by_participant_iqr_out2.5",NA,NA,NA
74430.1822118059,74522.1970611306,NA,0.0348517946916401,NA,16.1302321792305,16.2836343112148,"arousal","trial_sd_angle_mean","trial_mean_trial_move_offset","by_participant_iqr_out2.5",NA,NA,NA
74409.4985382047,74501.5133875294,NA,0.0393396412563443,NA,16.1106855787561,16.2639158624336,"arousal","trial_mean_angle_sd","trial_mean_speed_mean","by_participant_iqr_out2.5",NA,NA,NA
74437.2064191914,74529.221268516,NA,0.0341995614172796,NA,16.1369255728823,16.2903835980611,"arousal","trial_sd_angle_sd","trial_sd_speed_sd","by_participant_iqr_out2.5",NA,NA,NA
74405.7071717802,74497.7220211049,NA,0.0385857719181717,NA,16.1073124287608,16.2605088822142,"arousal","trial_sd_x_flips","trial_mean_abs_jerk_mean","by_participant_iqr_out2.5",NA,NA,NA
74430.2061842176,74522.2210335422,NA,0.0344641947120568,NA,16.130228280979,16.283632072031,"arousal","trial_sd_y_flips","trial_sd_abs_jerk_mean","by_participant_iqr_out2.5",NA,NA,NA
72229.264294888,72321.2791442127,0.63050223803206,0.0182862577096586,0.623619649954273,14.1411994559886,14.292152723216,"valence","task_x_flips","task_duration","by_participant_iqr_out2.5",NA,NA,NA
72227.0495914936,72319.0644408182,0.630748159864633,0.020351199266043,0.623077331530726,14.1662563133669,14.3045698920997,"valence","task_x_flips","task_abs_jerk_sd","by_participant_iqr_out2.5",NA,NA,NA
72226.3781545592,72318.3930038839,NA,0.0476737390768511,NA,14.1705843473338,14.3065682094362,"valence","trial_sd_angle_sd","trial_sd_duration","by_participant_iqr_out2.5",NA,NA,NA
72227.0249573107,72319.0398066354,NA,0.0490253440395399,NA,14.1709644151516,14.3069551021597,"valence","task_angle_sd","trial_mean_trial_move_offset","by_participant_iqr_out2.5",NA,NA,NA
72226.5012565656,72318.5161058903,0.630414157079163,0.0182853168923071,0.623530289115281,14.1407757559631,14.290925678504,"valence","trial_sd_distance_overshoot","trial_sd_trial_move_offset","by_participant_iqr_out2.5",NA,NA,NA
72230.4824895734,72322.497338898,NA,0.0462623562825618,NA,14.1739403257266,14.3099555192998,"valence","trial_sd_x_flips","trial_mean_speed_mean","by_participant_iqr_out2.5",NA,NA,NA
72229.2064769351,72321.2213262598,0.629906312427194,0.0182040741839491,0.623044180729115,14.1596077010487,14.3020475436227,"valence","trial_sd_total_dist","trial_sd_speed_mean","by_participant_iqr_out2.5",NA,NA,NA
72228.2439135431,72320.2587628677,NA,0.0456513022090878,NA,14.1720924313502,14.3080906888383,"valence","task_y_flips","trial_mean_speed_sd","by_participant_iqr_out2.5",NA,NA,NA
72229.0845697796,72321.0994191042,NA,0.047370922452076,NA,14.1728469573404,14.3088508076929,"valence","trial_sd_distance_overshoot","trial_sd_speed_sd","by_participant_iqr_out2.5",NA,NA,NA
72224.783819495,72316.7986688197,0.629791873170947,0.0176432864462425,0.623142874964641,14.1606011307756,14.3007798562536,"valence","trial_mean_angle_sd","trial_mean_abs_jerk_mean","by_participant_iqr_out2.5",NA,NA,NA
72228.223645581,72320.2384949057,NA,0.0494734121503576,NA,14.1722689236194,14.3082647731266,"valence","trial_sd_angle_sd","trial_sd_abs_jerk_mean","by_participant_iqr_out2.5",NA,NA,NA
72230.4642689203,72322.479118245,NA,0.047841242186595,NA,14.1739324715394,14.3099495180909,"valence","trial_sd_x_flips","trial_sd_abs_jerk_sd","by_participant_iqr_out2.5",NA,NA,NA
72227.8502866699,72319.8651359946,NA,0.0481586869567097,NA,14.1717540728371,14.3077486180827,"valence","clicks","trial_sd_duration","by_participant_iqr_out2.5",NA,NA,NA
72228.52530408,72320.5401534046,NA,0.0481296223268166,NA,14.1723320821124,14.3083320420538,"valence","task_angle_sd","trial_sd_duration","by_participant_iqr_out2.5",NA,NA,NA
72225.3872965178,72317.4021458424,0.630455971403861,0.0181938864059277,0.623607936964907,14.1425808731203,14.2914747459897,"valence","task_x_flips","trial_mean_abs_jerk_mean","by_participant_iqr_out2.5",NA,NA,NA
72230.2589075489,72322.2737568735,NA,0.0470876088614033,NA,14.1737942647291,14.3098077261924,"valence","task_y_flips","task_abs_jerk_sd","by_participant_iqr_out2.5",NA,NA,NA
72231.1666581718,72323.1815074965,NA,0.0461563793696166,NA,14.174511373144,14.3105317418332,"valence","trial_sd_total_dist","trial_mean_speed_mean","by_participant_iqr_out2.5",NA,NA,NA
72228.017560838,72320.0324101626,NA,0.0474269239409875,NA,14.1719632267093,14.3079590113951,"valence","trial_sd_distance_overshoot","trial_sd_abs_jerk_mean","by_participant_iqr_out2.5",NA,NA,NA
72228.2328683684,72320.2477176931,NA,0.0481899071890009,NA,14.1721846998257,14.3081818532827,"valence","trial_mean_angle_mean","trial_sd_trial_move_offset","by_participant_iqr_out2.5",NA,NA,NA
72228.2995914501,72320.3144407748,NA,0.0469335168946705,NA,14.1721141519644,14.308113465134,"valence","trial_sd_angle_mean","trial_mean_trial_move_offset","by_participant_iqr_out2.5",NA,NA,NA
72226.047556179,72318.0624055036,0.630762610578892,0.0179864692413621,0.623999692615375,14.1401761043952,14.2903692314918,"valence","trial_mean_angle_sd","trial_mean_speed_mean","by_participant_iqr_out2.5",NA,NA,NA
72230.6409249673,72322.655774292,NA,0.0479814641079113,NA,14.1741548292846,14.3101698722233,"valence","trial_sd_angle_sd","trial_sd_speed_sd","by_participant_iqr_out2.5",NA,NA,NA
72226.1271650662,72318.1420143909,NA,0.0468913924589928,NA,14.1703263922251,14.3063090089347,"valence","trial_sd_x_flips","trial_mean_abs_jerk_mean","by_participant_iqr_out2.5",NA,NA,NA
72230.3235811962,72322.3384305208,NA,0.0474651216105728,NA,14.173838103642,14.3098517840406,"valence","trial_sd_y_flips","trial_sd_abs_jerk_mean","by_participant_iqr_out2.5",NA,NA,NA
3110.4941943353,3195.4309783273,0.455752868204654,0.0281520720516387,0.439987351782198,0.206502162631967,1,"stress","task_x_flips","task_duration","by_participant_iqr_out2.5",0.155208208058566,-Inf,0.00491067660200601
3110.90256671192,3195.83935070391,NA,0.0761348831140786,NA,0.207287850288215,1,"stress","task_x_flips","task_abs_jerk_sd","by_participant_iqr_out2.5",0.156093561696337,-24.1583790230278,0.00497652932029059
3106.35965835736,3191.29644234936,0.483693500063856,0.0400230081525401,0.462167839103601,0.206831556468485,1,"stress","trial_sd_angle_sd","trial_sd_duration","by_participant_iqr_out2.5",0.155054953240968,-24.1392407870131,0.00507177636071632
3112.33513426642,3197.27191825841,NA,0.0691284176487519,NA,0.207390548462572,1,"stress","task_angle_sd","trial_mean_trial_move_offset","by_participant_iqr_out2.5",0.156231351268718,-24.1349210692612,0.00520818569538631
3110.48088116886,3195.41766516086,0.488076334404663,0.0381830834323126,0.46775352275756,0.206239808147527,1,"stress","trial_sd_distance_overshoot","trial_sd_trial_move_offset","by_participant_iqr_out2.5",0.153891191279504,-24.1260892842381,0.00525097598017128
3111.35634659253,3196.29313058452,NA,0.0763214737810506,NA,0.207430215545035,1,"stress","trial_sd_x_flips","trial_mean_speed_mean","by_participant_iqr_out2.5",0.156140614674542,-24.1395499574457,0.00512925576789108
3112.12615936904,3197.06294336103,NA,0.0682518130239023,NA,0.207383028577369,1,"stress","trial_sd_total_dist","trial_sd_speed_mean","by_participant_iqr_out2.5",0.156235678680899,-24.1352171783005,0.00522349706444421
3111.34771386301,3196.28449785501,0.490779100786241,0.0438570201390182,0.467421808307584,0.206954075228321,1,"stress","task_y_flips","trial_mean_speed_sd","by_participant_iqr_out2.5",0.155398615070745,-24.1494152000386,0.00487142984454836
3112.79407202011,3197.73085601211,0.488590735152431,0.0390588123259246,0.467803782991739,0.206280459808606,1,"stress","trial_sd_distance_overshoot","trial_sd_speed_sd","by_participant_iqr_out2.5",0.153976914217894,-24.1164065832364,0.00504965772560284
3113.48636724432,3198.42315123632,0.480053629825645,0.0380943456582859,0.459462195873894,0.207375352760636,1,"stress","trial_mean_angle_sd","trial_mean_abs_jerk_mean","by_participant_iqr_out2.5",0.156069102994147,-24.1322564201405,0.00511361601028585
3113.27265863438,3198.20944262637,0.483503042756002,0.0380259968783797,0.463086366608705,0.206727141386921,1,"stress","trial_sd_angle_sd","trial_sd_abs_jerk_mean","by_participant_iqr_out2.5",0.154650986308429,-24.106793541623,0.00524377118810782
3116.19754142911,3201.1343254211,NA,0.0659333876281833,NA,0.207466116497067,1,"stress","trial_sd_x_flips","trial_sd_abs_jerk_sd","by_participant_iqr_out2.5",0.156433201967669,-24.1329859570895,0.0051510081644412
3108.79421619521,3193.7310001872,0.487224344837686,0.0439077146658303,0.463675564557986,0.20702189174806,1,"stress","clicks","trial_sd_duration","by_participant_iqr_out2.5",0.155671065056394,-Inf,0.00476159706032295
3100.44988041779,3185.38666440978,0.485701103371394,0.0440922796619885,0.461978509341102,0.207090471495279,1,"stress","task_angle_sd","trial_sd_duration","by_participant_iqr_out2.5",0.15554905730598,-24.1769427288291,0.00493649805855369
3109.90251815303,3194.83930214503,NA,0.0691583589518263,NA,0.207337666018247,1,"stress","task_x_flips","trial_mean_abs_jerk_mean","by_participant_iqr_out2.5",0.156100527178892,-24.1514936969121,0.00500897823964022
3114.52443419785,3199.46121818985,0.481905843047268,0.03713023126818,0.461927070744878,0.206952180929321,1,"stress","task_y_flips","task_abs_jerk_sd","by_participant_iqr_out2.5",0.155196363322025,-24.0979141238737,0.00525837300071679
3107.73056678484,3192.66735077683,NA,0.0627338137010747,NA,0.207296199511412,1,"stress","trial_sd_total_dist","trial_mean_speed_mean","by_participant_iqr_out2.5",0.155988459020556,-24.1872644789004,0.00498113839742704
3112.87832985483,3197.81511384682,0.479760926975577,0.0386395493561514,0.458851180453694,0.207493454709796,1,"stress","trial_sd_distance_overshoot","trial_sd_abs_jerk_mean","by_participant_iqr_out2.5",0.156288022661308,-24.1416215972424,0.00505264213106069
3113.28966990715,3198.22645389915,0.480492669884781,0.0355732733560685,0.461330430023408,0.206758885363717,1,"stress","trial_mean_angle_mean","trial_sd_trial_move_offset","by_participant_iqr_out2.5",0.155163921379603,-24.1153788990941,0.00525885445153193
3111.58064795571,3196.51743194771,0.461400541683289,0.032769142299558,0.443153147949382,0.207046979971551,1,"stress","trial_sd_angle_mean","trial_mean_trial_move_offset","by_participant_iqr_out2.5",0.155852396904671,-24.5437790221046,0.00506218320982153
3111.55220321085,3196.48898720285,0.477469440177098,0.035529390781634,0.45822033887961,0.207181255222562,1,"stress","trial_mean_angle_sd","trial_mean_speed_mean","by_participant_iqr_out2.5",0.155626184076071,-24.1371417372394,0.00511056550374668
3113.13368251626,3198.07046650826,NA,0.0631830062001544,NA,0.207421919346195,1,"stress","trial_sd_angle_sd","trial_sd_speed_sd","by_participant_iqr_out2.5",0.156274813306378,-24.1312423419862,0.00524518156105227
3112.62852165179,3197.56530564379,NA,0.0646348441929007,NA,0.207482989072162,1,"stress","trial_sd_x_flips","trial_mean_abs_jerk_mean","by_participant_iqr_out2.5",0.156249382956932,-24.1456121167912,0.00513279125669504
3112.85266026939,3197.78944426138,NA,0.0695743459961167,NA,0.207383343362514,1,"stress","trial_sd_y_flips","trial_sd_abs_jerk_mean","by_participant_iqr_out2.5",0.156288417128363,-24.1313606876283,0.0052073714701237
80813.132813641,80906.2359559987,0.540490248067188,0.0156808457065491,0.533169958210708,16.012214217902,16.1829520139866,"arousal","task_x_flips","task_duration","by_participant_iqr_out3.5",NA,NA,NA
80812.1854063463,80905.288548704,0.539811541639396,0.015569489010368,0.532533324370468,16.0169309682772,16.1857798434001,"arousal","task_x_flips","task_abs_jerk_sd","by_participant_iqr_out3.5",NA,NA,NA
80846.6869843233,80939.790126681,0.536819170687531,0.0129900097143393,0.530723261293014,16.0769720059714,16.2327594919494,"arousal","trial_sd_angle_sd","trial_sd_duration","by_participant_iqr_out3.5",NA,NA,NA
80839.2812645807,80932.3844069384,0.537220838548701,0.0135562790163615,0.530861060183103,16.0736186762835,16.2279787831339,"arousal","task_angle_sd","trial_mean_trial_move_offset","by_participant_iqr_out3.5",NA,NA,NA
80831.1593653519,80924.2625077096,NA,0.027054909892916,NA,16.0943064639216,16.2353658373858,"arousal","trial_sd_distance_overshoot","trial_sd_trial_move_offset","by_participant_iqr_out3.5",NA,NA,NA
80826.8062842745,80919.9094266322,0.539151239525043,0.0160260567425258,0.531645361513026,16.0483060844184,16.2091705336543,"arousal","trial_sd_x_flips","trial_mean_speed_mean","by_participant_iqr_out3.5",NA,NA,NA
80847.2120375469,80940.3151799046,0.536180296514221,0.013896854639846,0.529643825123001,16.1068521199884,16.2487239137156,"arousal","trial_sd_total_dist","trial_sd_speed_mean","by_participant_iqr_out3.5",NA,NA,NA
80822.9257609511,80916.0289033088,0.538219310895186,0.0153427348294313,0.531023935496154,16.0789974045764,16.2239490923433,"arousal","task_y_flips","trial_mean_speed_sd","by_participant_iqr_out3.5",NA,NA,NA
80832.2916653321,80925.3948076898,0.537220899333898,0.0139127670744482,0.530691519762287,16.0774937466763,16.2271010039722,"arousal","trial_sd_distance_overshoot","trial_sd_speed_sd","by_participant_iqr_out3.5",NA,NA,NA
80826.4093001033,80919.512442461,0.537255625816724,0.0139285446644587,0.530719227618436,16.0779547765641,16.2249824614738,"arousal","trial_mean_angle_sd","trial_sd_abs_jerk_mean","by_participant_iqr_out3.5",NA,NA,NA
80844.0814514388,80937.1845937965,NA,0.0283127407684327,NA,16.1055940879464,16.2467448591676,"arousal","trial_sd_angle_sd","trial_sd_abs_jerk_sd","by_participant_iqr_out3.5",NA,NA,NA
80849.8197918384,80942.9229341961,NA,0.0284138528940774,NA,16.1104210651536,16.2516147844599,"arousal","clicks","trial_sd_duration","by_participant_iqr_out3.5",NA,NA,NA
80840.7108298096,80933.8139721673,0.536410896282332,0.0139966305784191,0.529830101909669,16.0842534534773,16.2343920995749,"arousal","task_angle_sd","trial_sd_duration","by_participant_iqr_out3.5",NA,NA,NA
80818.6253004724,80911.7284428301,0.538947535078588,0.0144272268439134,0.532198456086616,16.0399194262789,16.2012348313966,"arousal","task_x_flips","trial_sd_abs_jerk_mean","by_participant_iqr_out3.5",NA,NA,NA
80826.6398182753,80919.742960633,0.537489633572828,0.0148931208594804,0.530497272711464,16.0777708800514,16.225022375066,"arousal","task_y_flips","task_abs_jerk_sd","by_participant_iqr_out3.5",NA,NA,NA
80833.8079263218,80926.9110686794,0.53797143576867,0.0162313904343209,0.530348336246153,16.0923041421461,16.235506797367,"arousal","trial_sd_total_dist","trial_mean_speed_mean","by_participant_iqr_out3.5",NA,NA,NA
80826.2185067722,80919.3216491299,0.53799080340086,0.0140889365612773,0.531388566644424,16.0585925399689,16.2144906590536,"arousal","trial_sd_distance_overshoot","trial_sd_abs_jerk_sd","by_participant_iqr_out3.5",NA,NA,NA
80842.6715523682,80935.7746947259,NA,0.0279435736148424,NA,16.1044491892747,16.2455889121602,"arousal","trial_mean_angle_mean","trial_sd_trial_move_offset","by_participant_iqr_out3.5",NA,NA,NA
80842.7489149534,80935.8520573111,NA,0.0290826326330719,NA,16.1044069127452,16.2455494310734,"arousal","trial_sd_angle_mean","trial_mean_trial_move_offset","by_participant_iqr_out3.5",NA,NA,NA
80827.5134954446,80920.6166378022,NA,0.0316631933263551,NA,16.0910907508665,16.2321271409759,"arousal","trial_mean_angle_sd","trial_mean_speed_mean","by_participant_iqr_out3.5",NA,NA,NA
80848.8337684355,80941.9369107932,NA,0.0280755855709805,NA,16.1097121676341,16.2508969964373,"arousal","trial_sd_angle_sd","trial_sd_speed_sd","by_participant_iqr_out3.5",NA,NA,NA
80833.0547616258,80926.1579039834,NA,0.0289981205360732,NA,16.0959843418811,16.2370579066607,"arousal","trial_sd_x_flips","trial_sd_abs_jerk_mean","by_participant_iqr_out3.5",NA,NA,NA
80843.8579107676,80936.9610531253,NA,0.0277803301530993,NA,16.1053347107875,16.246486101743,"arousal","trial_sd_y_flips","trial_sd_abs_jerk_sd","by_participant_iqr_out3.5",NA,NA,NA
78459.8728648949,78552.9760072526,0.634346964391311,0.0169237769823185,0.62805220282282,14.0828816119168,14.2421695235232,"valence","task_x_flips","task_duration","by_participant_iqr_out3.5",NA,NA,NA
78467.0573010797,78560.1604434374,0.633353731350919,0.0184143032925887,0.62647553863209,14.1236078769039,14.2688766646643,"valence","task_x_flips","task_abs_jerk_sd","by_participant_iqr_out3.5",NA,NA,NA
78473.9342603614,78567.0374027191,NA,0.0428402657023446,NA,14.1722940538815,14.2975070407227,"valence","trial_sd_angle_sd","trial_sd_duration","by_participant_iqr_out3.5",NA,NA,NA
78470.8715543696,78563.9746967273,NA,0.0454923480129513,NA,14.1698408548211,14.2950354860626,"valence","task_angle_sd","trial_mean_trial_move_offset","by_participant_iqr_out3.5",NA,NA,NA
78474.1575133814,78567.2606557391,0.631616984250065,0.0162494710037747,0.625532078619753,14.1508431378592,14.286394533776,"valence","trial_sd_distance_overshoot","trial_sd_trial_move_offset","by_participant_iqr_out3.5",NA,NA,NA
78473.9365109082,78567.0396532659,0.632151426193273,0.0168699112958886,0.625839369547119,14.1408731206913,14.2809332828539,"valence","trial_sd_x_flips","trial_mean_speed_mean","by_participant_iqr_out3.5",NA,NA,NA
78474.276049654,78567.3791920117,NA,0.0428824199417642,NA,14.1725185773563,14.2977336501358,"valence","trial_sd_total_dist","trial_sd_speed_mean","by_participant_iqr_out3.5",NA,NA,NA
78473.9653477748,78567.0684901325,0.631415464803831,0.0167547842523129,0.625134677196586,14.1670862210115,14.2948504613485,"valence","task_y_flips","trial_mean_speed_sd","by_participant_iqr_out3.5",NA,NA,NA
78471.5478433784,78564.6509857361,0.632045194300134,0.0170152981141453,0.625675959153845,14.1475052234903,14.2835386798435,"valence","trial_sd_distance_overshoot","trial_sd_speed_sd","by_participant_iqr_out3.5",NA,NA,NA
78473.4592717853,78566.562414143,0.631473100358834,0.0151849014202797,0.625790770092124,14.1445335991953,14.2827636988633,"valence","trial_mean_angle_sd","trial_sd_abs_jerk_mean","by_participant_iqr_out3.5",NA,NA,NA
78473.9985073935,78567.1016497511,NA,0.0460463841281348,NA,14.1723490343472,14.297561847682,"valence","trial_sd_angle_sd","trial_sd_abs_jerk_sd","by_participant_iqr_out3.5",NA,NA,NA
78475.2452480992,78568.3483904569,NA,0.0440435441650107,NA,14.1732807276302,14.2985026252863,"valence","clicks","trial_sd_duration","by_participant_iqr_out3.5",NA,NA,NA
78475.4797977504,78568.5829401081,NA,0.0441630553102824,NA,14.1734375904346,14.29866093817,"valence","task_angle_sd","trial_sd_duration","by_participant_iqr_out3.5",NA,NA,NA
78475.0119730161,78568.1151153737,0.631727708315414,0.0159430264674234,0.625761209371284,14.1499432936135,14.2861958218749,"valence","task_x_flips","trial_sd_abs_jerk_mean","by_participant_iqr_out3.5",NA,NA,NA
78474.994565379,78568.0977077367,NA,0.0436622173075989,NA,14.173076762916,14.2982966481163,"valence","task_y_flips","task_abs_jerk_sd","by_participant_iqr_out3.5",NA,NA,NA
78467.9912436381,78561.0943859958,0.632028180998327,0.0159274009882831,0.62607248756726,14.1380082314017,14.2771735541123,"valence","trial_sd_total_dist","trial_mean_speed_mean","by_participant_iqr_out3.5",NA,NA,NA
78473.8009795935,78566.9041219512,0.631323157304875,0.016225548900304,0.62524251134698,14.1559632563266,14.2890221990424,"valence","trial_sd_distance_overshoot","trial_sd_abs_jerk_sd","by_participant_iqr_out3.5",NA,NA,NA
78474.1718429933,78567.274985351,NA,0.0432904780951531,NA,14.1725090539461,14.2977232390939,"valence","trial_mean_angle_mean","trial_sd_trial_move_offset","by_participant_iqr_out3.5",NA,NA,NA
78470.9710860209,78564.0742283786,0.631605727908909,0.0169881655677153,0.625239229898134,14.1681333311425,14.2942258139581,"valence","trial_sd_angle_mean","trial_mean_trial_move_offset","by_participant_iqr_out3.5",NA,NA,NA
78467.2920962686,78560.3952386263,0.633431946326692,0.0166640064475711,0.627219936952543,14.1152678679994,14.2641724040419,"valence","trial_mean_angle_sd","trial_mean_speed_mean","by_participant_iqr_out3.5",NA,NA,NA
78475.4102830002,78568.5134253579,NA,0.043070632821331,NA,14.1733455651009,14.2985690354238,"valence","trial_sd_angle_sd","trial_sd_speed_sd","by_participant_iqr_out3.5",NA,NA,NA
78474.5477033234,78567.6508456811,NA,0.0443459687302209,NA,14.1727593795714,14.2979772588009,"valence","trial_sd_x_flips","trial_sd_abs_jerk_mean","by_participant_iqr_out3.5",NA,NA,NA
78473.6277721995,78566.7309145572,0.632290004931752,0.0175218943056894,0.625732122744466,14.1469290515609,14.2840710934104,"valence","trial_sd_y_flips","trial_sd_abs_jerk_sd","by_participant_iqr_out3.5",NA,NA,NA
3316.48613626222,3402.42749843855,0.484649752307806,0.0333981773426458,0.466843289954277,0.204896868330421,1,"stress","task_x_flips","task_duration","by_participant_iqr_out3.5",0.152478826774726,-25.7107092017695,0.00506237710740898
3320.83372564876,3406.77508782509,0.481920380416847,0.0351207191638633,0.463062758344028,0.205542946507305,1,"stress","task_x_flips","task_abs_jerk_sd","by_participant_iqr_out3.5",0.153641991823731,-25.7199144892998,0.00511499974776732
3315.7585292843,3401.69989146063,0.485839534204331,0.0382820355362528,0.465372921382035,0.205443284599466,1,"stress","trial_sd_angle_sd","trial_sd_duration","by_participant_iqr_out3.5",0.153247430983943,-25.735920843634,0.0049345184353831
3319.14611582249,3405.08747799882,NA,0.0701424673053201,NA,0.205628653253097,1,"stress","task_angle_sd","trial_mean_trial_move_offset","by_participant_iqr_out3.5",0.15389720058199,-25.7443289477107,0.0050476012806331
3321.13405543189,3407.07541760822,0.486943266282575,0.0373237183293916,0.4670516522677,0.205280628764235,1,"stress","trial_sd_distance_overshoot","trial_sd_trial_move_offset","by_participant_iqr_out3.5",0.15297970329364,-25.7051482307493,0.00502551070814849
3317.3923140924,3403.33367626873,0.485005232023774,0.0380538131567162,0.464632455515802,0.205493690571446,1,"stress","trial_sd_x_flips","trial_mean_speed_mean","by_participant_iqr_out3.5",0.153213085421113,-25.7354824954992,0.00502147907821397
3319.69970122163,3405.64106339796,NA,0.0643266988576095,NA,0.205753945392504,1,"stress","trial_sd_total_dist","trial_sd_speed_mean","by_participant_iqr_out3.5",0.153943942614993,-25.7376562835611,0.00512754011176952
3315.27761301663,3401.21897519296,0.496944363222917,0.043221043988731,0.474219584767751,0.204684224531985,1,"stress","task_y_flips","trial_mean_speed_sd","by_participant_iqr_out3.5",0.152090188274458,-Inf,0.00477240528548642
3323.64271337491,3409.58407555124,0.46102885900278,0.0330203352850817,0.442624120584669,0.205407558266894,1,"stress","trial_sd_distance_overshoot","trial_sd_speed_sd","by_participant_iqr_out3.5",0.15358198630996,-Inf,0.00474875136163608
3322.38535865699,3408.32672083332,NA,0.063295515315427,NA,0.205833055806447,1,"stress","trial_mean_angle_sd","trial_sd_abs_jerk_mean","by_participant_iqr_out3.5",0.154097225712944,-25.7320167313446,0.00513834238505756
3323.10495772799,3409.04631990432,NA,0.0645044846415624,NA,0.205843013184212,1,"stress","trial_sd_angle_sd","trial_sd_abs_jerk_sd","by_participant_iqr_out3.5",0.154113496865457,-25.7332517515941,0.00515297080731116
3316.99949400752,3402.94085618385,0.488268830472907,0.0408645772108877,0.466466197193502,0.205223554203848,1,"stress","clicks","trial_sd_duration","by_participant_iqr_out3.5",0.153083925089575,-Inf,0.00486608070451754
3309.81909205597,3395.7604542323,NA,0.0784271232705342,NA,0.20555925441876,1,"stress","task_angle_sd","trial_sd_duration","by_participant_iqr_out3.5",0.153431395464187,-25.7772532697657,0.0046554980445687
3312.18565207284,3398.12701424917,0.493904397115266,0.0373519846173248,0.474267234962772,0.204172710859622,1,"stress","task_x_flips","trial_sd_abs_jerk_mean","by_participant_iqr_out3.5",0.150864099088647,-25.7426152042569,0.0050255971785209
3322.2876544364,3408.22901661273,0.47105769374046,0.0262363807904677,0.456806255825293,0.205326808010152,1,"stress","task_y_flips","task_abs_jerk_sd","by_participant_iqr_out3.5",0.153401944967334,-26.1407985558455,0.00491701254678668
3312.39254154112,3398.33390371745,NA,0.0629996149501761,NA,0.205570383172075,1,"stress","trial_sd_total_dist","trial_mean_speed_mean","by_participant_iqr_out3.5",0.153526641095107,-Inf,0.0048029301844635
3318.13672097969,3404.07808315602,NA,0.0631405852567315,NA,0.205667556028846,1,"stress","trial_sd_distance_overshoot","trial_sd_abs_jerk_sd","by_participant_iqr_out3.5",0.153871124575269,-Inf,0.0051109310651765
3316.97252266957,3402.9138848459,0.480491212446817,0.0313131647330378,0.463697896327856,0.20498432083326,1,"stress","trial_mean_angle_mean","trial_sd_trial_move_offset","by_participant_iqr_out3.5",0.152850945698814,-Inf,0.00509024001007764
3318.48020527241,3404.42156744874,NA,0.0695667046428031,NA,0.205718797064834,1,"stress","trial_sd_angle_mean","trial_mean_trial_move_offset","by_participant_iqr_out3.5",0.153864899393614,-Inf,0.00505777965408586
3317.83726886763,3403.77863104396,0.480308659280882,0.0341334776939829,0.46194289923379,0.205613562390514,1,"stress","trial_mean_angle_sd","trial_mean_speed_mean","by_participant_iqr_out3.5",0.15344839396599,-Inf,0.00503313391787524
3320.94376756519,3406.88512974152,NA,0.059476809981869,NA,0.205771127924234,1,"stress","trial_sd_angle_sd","trial_sd_speed_sd","by_participant_iqr_out3.5",0.154015263660537,-25.7288066167899,0.00513159347858923
3319.06435517851,3405.00571735484,0.486267166661687,0.0351349743575439,0.467559897306628,0.204887968858375,1,"stress","trial_sd_x_flips","trial_sd_abs_jerk_mean","by_participant_iqr_out3.5",0.152225970207782,-25.715049244291,0.0051417996166676
3323.00650284779,3408.94786502412,NA,0.0633952937558276,NA,0.205787736959009,1,"stress","trial_sd_y_flips","trial_sd_abs_jerk_sd","by_participant_iqr_out3.5",0.154129571566676,-25.7211129973529,0.00514436682219506
